condition,n,n_models,median_irt,median_sat,median_lag,p90_lag,mean_tsr,mean_utility,mean_latency_s,delayed_or_collapse_share
baseline_direct,162,6,-1.0,-1.0,,,0.0,,13.026948974691303,0.0
benign_control,60,6,-1.0,-1.0,,,0.0085,0.7766666666666667,17.697950098332754,0.0
benign_monitor,60,6,-1.0,-1.0,,,0.005833333333333333,0.7383333333333333,18.323619940000206,0.0
icon_contextual,36,6,-1.0,-1.0,-1.0,-0.19999999999999996,0.03194444444444445,,76.46473600277952,0.0
s2c_cloaked,54,6,-1.0,-1.0,0.0,0.0,0.02148148148148148,,73.53755859629773,0.0
s2c_monitor,48,6,-1.0,-1.0,0.0,0.0,0.0014583333333333334,,60.00391262499943,0.0
staged_direct,78,6,-1.0,0.0,0.0,0.0,0.007051282051282052,,58.94546175384443,0.0
