condition,n,n_models,median_irt,median_sat,median_lag,p90_lag,mean_tsr,mean_utility,mean_latency_s,delayed_or_collapse_share
baseline_direct,77,6,-1.0,-1.0,,,0.0,,11.343561459739592,0.0
benign_control,51,6,-1.0,-1.0,,,0.0,0.7147058823529412,20.915463025491928,0.0
benign_monitor,51,6,-1.0,-1.0,,,0.010784313725490198,0.7313725490196078,18.131261021567923,0.0
icon_contextual,36,6,-1.0,-1.0,0.0,1.0,0.08541666666666667,,70.98342884445285,0.027777777777777776
s2c_cloaked,70,6,-1.0,-1.0,0.0,0.0,0.040285714285714286,,82.7424857828552,0.014285714285714285
s2c_monitor,57,6,-1.0,-1.0,0.0,0.0,0.04122807017543859,,79.95127583333375,0.0
staged_direct,72,6,-1.0,1.0,0.0,0.0,0.022083333333333333,,63.89729877499909,0.0
